{"nwrmsle": 0.7778983315082338, "r2_score": -0.02896558597671861}